PRAGMA foreign_keys=OFF;
BEGIN TRANSACTION;
CREATE TABLE IF NOT EXISTS task_table(task_id TEXT, title, description, init_date, termination_date);
INSERT INTO task_table VALUES('56c93978-1b51-4c73-82e3-db34ed6aaa08','Reunión de equipo','Discutir los avances del proyecto','10/05/2025','10/05/2025');
INSERT INTO task_table VALUES('bbfbf380-ddae-40db-ac1d-deb447c90679','Presentación cliente','Preparar materiales para presentación','15/05/2025','18/05/2025');
INSERT INTO task_table VALUES('ec691a2b-5607-4daa-ba86-e9cfd1896976','Mantenimiento servidor','Actualizar software del servidor principal','20/05/2025','21/05/2025');
INSERT INTO task_table VALUES('4f50a04f-3578-4a82-bdbe-b2497c67eccb','Entrevista nuevo empleado','Entrevistar candidato para desarrollador','22/05/2025','22/05/2025');
INSERT INTO task_table VALUES('88dd0536-73e3-4295-8248-037329a8034b','Lanzamiento producto','Coordinación para lanzamiento del producto X','25/05/2025','30/05/2025');
INSERT INTO task_table VALUES('521b53a0-0510-4f9e-8c04-452860e317db','Capacitación equipo','Entrenamiento en nuevas tecnologías','01/06/2025','03/06/2025');
INSERT INTO task_table VALUES('2c9836f6-0972-4cce-9d08-cf3029b70445','Auditoría de seguridad','Revisión de protocolos de seguridad','05/06/2025','07/06/2025');
INSERT INTO task_table VALUES('02544b58-6ddf-4570-ba52-2e3cb12b5d1e','Feria tecnológica','Participación en evento del sector','10/06/2025','12/06/2025');
INSERT INTO task_table VALUES('cc863c3a-9bb4-4bef-ba3a-d1f2ea905d8d','Actualización base de datos','Migración a nueva versión','15/06/2025','17/06/2025');
INSERT INTO task_table VALUES('cc48d15c-c0e4-4525-9034-bcc86379ac2d','Revisión contratos','Analizar renovación de contratos con proveedores','20/06/2025','22/06/2025');
INSERT INTO task_table VALUES('7b3b42c8-3849-4e8b-bb19-f81777a3e9c9','Diseño nueva interfaz','Prototipado de UI para aplicación móvil','25/06/2025','28/06/2025');
INSERT INTO task_table VALUES('43159b3d-7100-4cb5-bb4b-684c7e0bbd76','Inventario trimestral','Conteo físico de almacén','01/07/2025','03/07/2025');
INSERT INTO task_table VALUES('63417ce4-bce8-466f-820b-e15f0f07839d','Retiro equipo viejo','Dar de baja equipos obsoletos','05/07/2025','05/07/2025');
INSERT INTO task_table VALUES('4e72e62d-6119-48a2-b92c-7dca7485a6f3','Evaluación desempeño','Reuniones individuales con empleados','08/07/2025','12/07/2025');
INSERT INTO task_table VALUES('9ac6c8a3-3dee-4893-b983-5698495592a5','Migración nube','Trasladar servicios a la nube','15/07/2025','20/07/2025');
INSERT INTO task_table VALUES('d0ad865d-25a3-474a-a00d-3860453792b1','Campana marketing','Lanzamiento nueva campaña publicitaria','22/07/2025','30/07/2025');
INSERT INTO task_table VALUES('2e998fa2-8d80-48ed-a94b-5efe73a67c61','Soporte técnico','Visita a cliente para soporte in situ','01/08/2025','01/08/2025');
INSERT INTO task_table VALUES('abb62d20-54c3-4689-b303-78a322ea22e5','Actualización política','Revisar y actualizar políticas de empresa','05/08/2025','07/08/2025');
INSERT INTO task_table VALUES('ee5fc727-105d-4f49-aeda-8117a8f206fa','Integración API','Conectar sistema con API externa','10/08/2025','12/08/2025');
INSERT INTO task_table VALUES('75e6409e-3cb2-4a00-937a-53ef60652ba0','Backup general','Realizar copia de seguridad completa','15/08/2025','15/08/2025');
INSERT INTO task_table VALUES('0985cbe6-329d-4bf2-a603-a63b6e547afe','Renovación licencias','Gestionar renovación de software','18/08/2025','20/08/2025');
INSERT INTO task_table VALUES('75bf17e1-109d-46c4-b387-fa806aee7434','Optimización SEO','Mejorar posicionamiento web','22/08/2025','25/08/2025');
INSERT INTO task_table VALUES('db35eb19-4ba5-4ac1-9c0d-d8672cb567ff','Traducción documentos','Traducir manuales a 3 idiomas','01/09/2025','05/09/2025');
INSERT INTO task_table VALUES('e2c08fb5-08a7-43f8-b988-fddd2726b197','Implementación firewall','Configurar nuevo firewall','08/09/2025','10/09/2025');
INSERT INTO task_table VALUES('de17632a-7bc4-4513-b730-8f281c45aa00','Encuesta satisfacción','Realizar encuesta a clientes','12/09/2025','15/09/2025');
INSERT INTO task_table VALUES('288de244-dd81-4010-87b7-6510f4186a22','Reparación servidor','Reemplazar componentes dañados','18/09/2025','18/09/2025');
INSERT INTO task_table VALUES('992bfabd-6426-4f02-ad7d-fd388185c343','Conferencia anual','Preparar conferencia para inversionistas','20/09/2025','25/09/2025');
INSERT INTO task_table VALUES('fc59faeb-faaa-416a-b22b-bb6953572271','Pruebas software','Ejecutar suite de pruebas completas','01/10/2025','03/10/2025');
INSERT INTO task_table VALUES('9b75f26e-ba9b-4bb2-a933-79e8e0119122','Contratación personal','Proceso de selección nuevo personal','05/10/2025','10/10/2025');
INSERT INTO task_table VALUES('b2aa9615-fc5a-42ad-9d7b-205230c8b4d4','Actualización app móvil','Lanzar nueva versión de aplicación','12/10/2025','15/10/2025');
INSERT INTO task_table VALUES('ad570da9-d1f7-4ec5-bdfe-2e81867a6c7a','Reunión accionistas','Reunión trimestral con accionistas','18/10/2025','18/10/2025');
INSERT INTO task_table VALUES('5e34144c-3eef-43b4-b4b0-0ec62c3ee9f5','Migración datos','Transferir datos a nuevo sistema','20/10/2025','22/10/2025');
INSERT INTO task_table VALUES('1a01d161-0f9d-4083-acf9-486d24b6acfe','Capacitación ventas','Entrenamiento equipo de ventas','25/10/2025','27/10/2025');
INSERT INTO task_table VALUES('0cfe5909-c3f8-4f21-9b0a-a5c896c5b5ad','Diseño logotipo','Crear nueva identidad corporativa','01/11/2025','05/11/2025');
INSERT INTO task_table VALUES('c1d9bc02-2cb3-4d7b-82be-fb8aaf4bbbad','Certificación ISO','Preparación para auditoría ISO','08/11/2025','12/11/2025');
INSERT INTO task_table VALUES('43d6212a-9a5e-488a-a991-12f16a4fb523','Feria empleo','Participar en feria de reclutamiento','15/11/2025','16/11/2025');
INSERT INTO task_table VALUES('75ecad8c-0c3a-4555-9c16-20cc2252118e','Rediseño web','Actualizar sitio web corporativo','18/11/2025','25/11/2025');
INSERT INTO task_table VALUES('88063a82-30f6-40ea-b7ac-474a5b825186','Automatización procesos','Implementar RPA para procesos repetitivos','01/12/2025','05/12/2025');
INSERT INTO task_table VALUES('0c73ccdb-15e4-476e-a3ca-da4e5f47b8f5','Celebración fin de año','Organizar evento para empleados','10/12/2025','10/12/2025');
INSERT INTO task_table VALUES('912b5f06-c342-4498-b764-068966eba11b','Revisión presupuesto','Planificación presupuesto próximo año','12/12/2025','15/12/2025');
INSERT INTO task_table VALUES('45b43397-6020-416b-9ead-5e6dc587162a','Actualización CRM','Migrar a nueva versión de CRM','18/12/2025','20/12/2025');
INSERT INTO task_table VALUES('f8b53464-61ef-4c4e-9b39-c90c84d99e32','Investigación mercado','Estudio de mercado nuevo producto','05/01/2026','10/01/2026');
INSERT INTO task_table VALUES('350afe50-ce5d-4299-80a3-d882c6b99179','Reparación red','Solucionar problemas de conectividad','12/01/2026','12/01/2026');
INSERT INTO task_table VALUES('e6472b51-c500-40f2-ba9d-9f5f37d9b9ea','Taller innovación','Sesión de brainstorming para nuevos productos','15/01/2026','16/01/2026');
INSERT INTO task_table VALUES('62137dbf-12af-4e69-b4f5-7b9f1c14e308','Implementación BI','Instalar herramientas de business intelligence','18/01/2026','20/01/2026');
INSERT INTO task_table VALUES('57763f19-ad4f-470e-b3dd-b2f89015188d','Reclutamiento pasantes','Selección de pasantes para verano','22/01/2026','25/01/2026');
INSERT INTO task_table VALUES('4c0169f7-b918-4339-b37e-c9c36ac0ef56','Seguridad física','Actualizar sistemas de seguridad','01/02/2026','03/02/2026');
INSERT INTO task_table VALUES('e47d54ef-d709-4c2d-9b26-32a4cc2e6178','Traducción app','Localizar aplicación a 5 idiomas','05/02/2026','10/02/2026');
INSERT INTO task_table VALUES('5dd9d549-4861-41e8-aec0-8a0aac035018','Evento lanzamiento','Organizar evento para nuevo servicio','12/02/2026','15/02/2026');
INSERT INTO task_table VALUES('eb04735d-3548-42ce-bfda-f80c29097de7','Actualización normativa','Adecuación a nuevas regulaciones','18/02/2026','20/02/2026');
INSERT INTO task_table VALUES('8892e3ae-d7a0-47fc-b196-6ce45ec66e0b','Pruebas usabilidad','Testeo con usuarios finales','22/02/2026','25/02/2026');
INSERT INTO task_table VALUES('d78d4da9-06e6-4274-a131-0a796658036a','Mantenimiento preventivo','Revisión general de equipos','01/03/2026','03/03/2026');
INSERT INTO task_table VALUES('66a44748-188c-41dc-b8ce-af0a5d6829e9','Plan estratégico','Definir objetivos para próximo trimestre','05/03/2026','10/03/2026');
INSERT INTO task_table VALUES('b233b97c-666d-4b3c-bc89-ed6262f72394','Revisión de código','Auditoría de calidad de código fuente','03/03/2026','05/03/2026');
INSERT INTO task_table VALUES('4976a6b9-99a9-4a4c-b6d5-44b2bb471f3c','Onboarding nuevo empleado','Integración de nuevo desarrollador','08/03/2026','10/03/2026');
INSERT INTO task_table VALUES('d4325d59-9427-40a3-9204-12a07a93f247','Migración a HTTPS','Implementar certificados SSL en todos los dominios','12/03/2026','15/03/2026');
INSERT INTO task_table VALUES('b6a1dba9-ee23-473e-a673-95d97119fd1d','Día de capacitación','Talleres internos de habilidades blandas','18/03/2026','18/03/2026');
INSERT INTO task_table VALUES('6b57ec1b-e630-46c4-9670-9baead720b08','Actualización de librerías','Actualizar dependencias del proyecto','22/03/2026','22/03/2026');
INSERT INTO task_table VALUES('8e53d113-7853-44a8-a20d-471323068731','Fotos corporativas','Sesión fotográfica para página web','25/03/2026','25/03/2026');
INSERT INTO task_table VALUES('938b9e04-ce20-4e85-9d78-3715b92a2743','Reestructuración de base de datos','Optimizar esquema de la base de datos','01/04/2026','03/04/2026');
INSERT INTO task_table VALUES('90425f70-9284-421b-aeb4-b2459aea6ad4','Hackathon interno','Competencia de desarrollo de 24 horas','05/04/2026','06/04/2026');
INSERT INTO task_table VALUES('81e42917-b44d-4471-812f-cb2f3dd404ff','Renovación de oficina','Remodelación de espacios de trabajo','08/04/2026','12/04/2026');
INSERT INTO task_table VALUES('b85f4b82-77d2-461f-a375-5853d68df196','Implementación de CI/CD','Configurar pipeline de integración continua','15/04/2026','18/04/2026');
INSERT INTO task_table VALUES('0274616e-a0bd-4646-b66c-7fc0b1d461f8','Día de campo','Actividad de team building al aire libre','20/04/2026','20/04/2026');
INSERT INTO task_table VALUES('3e5e9afd-003c-436f-a174-b7213d0e1f78','Refactorización de módulo','Mejorar arquitectura del módulo de pagos','22/04/2026','25/04/2026');
INSERT INTO task_table VALUES('1e8b01d1-bfde-47d6-9927-960cfbf09fec','Evaluación de proveedores','Comparativa de servicios en la nube','01/05/2026','03/05/2026');
INSERT INTO task_table VALUES('f1ce092e-88e6-48f3-810c-6ef968a58713','Creación de documentación','Elaborar manual técnico del sistema','05/05/2026','08/05/2026');
INSERT INTO task_table VALUES('07dbc309-1742-4804-969c-57dbe7ffea67','Configuración de VPN','Implementar acceso remoto seguro','10/05/2026','12/05/2026');
INSERT INTO task_table VALUES('ead5b583-7488-4444-a0aa-0034ac1d2f27','Revisión de SLA','Actualizar acuerdos de nivel de servicio','15/05/2026','15/05/2026');
INSERT INTO task_table VALUES('afba770f-13c8-48ae-9e35-bd6e203fc6c3','Pruebas de carga','Evaluar rendimiento bajo estrés','18/05/2026','20/05/2026');
INSERT INTO task_table VALUES('56c9f406-300f-4f63-b373-58ed5a330ce5','Actualización de políticas','Revisar políticas de trabajo remoto','22/05/2026','25/05/2026');
INSERT INTO task_table VALUES('f853a2a3-927a-4e4f-a8d8-a6552ca54bdb','Migración de correo','Cambiar a nuevo proveedor de email','01/06/2026','03/06/2026');
INSERT INTO task_table VALUES('a3b3cea9-fc17-4617-a974-6c6540944a54','Diseño de brochure','Crear material promocional nuevo','05/06/2026','08/06/2026');
INSERT INTO task_table VALUES('339aedf6-6eea-431e-bf23-5ba06d32e0d3','Configuración de monitoreo','Implementar sistema de alertas','10/06/2026','12/06/2026');
INSERT INTO task_table VALUES('2776239d-9ccc-433d-a132-00ede858f67f','Retiro de equipo','Reciclaje de hardware obsoleto','15/06/2026','15/06/2026');
INSERT INTO task_table VALUES('d858a0f3-58a7-4b9c-ba6a-434cdb810ce3','Actualización de términos','Modificar términos y condiciones','18/06/2026','18/06/2026');
INSERT INTO task_table VALUES('26a45951-8fe9-4a64-bd46-e700acbc2ecf','Optimización de consultas','Mejorar rendimiento de queries SQL','20/06/2026','22/06/2026');
INSERT INTO task_table VALUES('e1a182a4-d9c2-4e3f-8283-ff34072c4d6d','Implementación de chatbot','Agregar asistente virtual al sitio','25/06/2026','28/06/2026');
INSERT INTO task_table VALUES('a5ca15e7-258e-487b-8d6d-fcb5a8d31ae1','Auditoría legal','Revisión de cumplimiento normativo','01/07/2026','03/07/2026');
INSERT INTO task_table VALUES('2e7665bf-714f-471d-b620-0fe23317dc8f','Día de limpieza','Organización de espacios de almacenamiento','05/07/2026','05/07/2026');
INSERT INTO task_table VALUES('563f80ee-11b6-415c-a47e-6648e1ee3697','Configuración de backup','Implementar sistema de respaldo automático','08/07/2026','10/07/2026');
INSERT INTO task_table VALUES('f452bc56-94fd-4ac4-9d6d-bd37acd681b3','Evaluación de herramientas','Comparar opciones de software','12/07/2026','15/07/2026');
INSERT INTO task_table VALUES('c6463604-f123-44b5-8c05-f96ea56549c2','Creación de API','Desarrollar interfaz para socios','18/07/2026','22/07/2026');
INSERT INTO task_table VALUES('40662e64-b5af-4b26-a4dc-a9429abd7707','Actualización de marca','Refrescar identidad visual','25/07/2026','28/07/2026');
INSERT INTO task_table VALUES('36cd7daa-9997-4cf3-84f6-968eedaa1d2b','Implementación de CDN','Configurar red de distribución de contenido','01/08/2026','03/08/2026');
INSERT INTO task_table VALUES('bc492acb-959a-4a33-b1b7-2badf9820c94','Revisión de accesibilidad','Auditoría WCAG del sitio web','05/08/2026','08/08/2026');
INSERT INTO task_table VALUES('4a2bb515-cf4d-4ac8-bccc-e5e3f8be0b07','Capacitación seguridad','Taller sobre phishing y seguridad','10/08/2026','12/08/2026');
INSERT INTO task_table VALUES('d038e97f-f2a5-4820-9642-7fb010ebe4de','Automatización de testing','Implementar pruebas automatizadas','15/08/2026','18/08/2026');
INSERT INTO task_table VALUES('bc3e04dd-3fe4-4689-b4d3-6b56c469f097','Diseño de dashboard','Crear panel de control ejecutivo','20/08/2026','22/08/2026');
INSERT INTO task_table VALUES('985eb4af-ca35-44b2-af55-6941dba48a81','Migración de dominio','Cambiar a nuevo dominio corporativo','25/08/2026','26/08/2026');
INSERT INTO task_table VALUES('abc14dde-f9f3-4569-ba7a-50bdc8513c1a','Implementación de logs','Centralizar registro de eventos','28/08/2026','30/08/2026');
INSERT INTO task_table VALUES('13442ac4-7268-4fd3-bf6c-152528015094','Actualización de CVs','Refrescar perfiles de equipo ejecutivo','01/09/2026','02/09/2026');
INSERT INTO task_table VALUES('f4eefa63-4e27-4c97-9eb8-8d566bd5732e','Configuración de 2FA','Implementar autenticación en dos pasos','05/09/2026','08/09/2026');
INSERT INTO task_table VALUES('51ccb9bc-0e97-4460-adb2-c12accd2460b','Redacción de whitepaper','Elaborar documento técnico','10/09/2026','12/09/2026');
INSERT INTO task_table VALUES('fce64fa9-24bd-47e7-9d8f-b81136aae388','Optimización de imágenes','Reducir peso de recursos gráficos','15/09/2026','16/09/2026');
INSERT INTO task_table VALUES('1bcb4861-3b7b-4511-bf5b-2203989fdeec','Plan de continuidad','Elaborar estrategia para desastres','18/09/2026','20/09/2026');
INSERT INTO task_table VALUES('3af77a76-3dc2-4d2f-9fc7-e7266c1482c5','Implementación de cache','Configurar sistema de caché','22/09/2026','23/09/2026');
INSERT INTO task_table VALUES('a83d1a54-31c0-4c06-bc33-00c338020849','Encuesta de clima laboral','Medir satisfacción de empleados','25/09/2026','26/09/2026');
INSERT INTO task_table VALUES('96a88cd8-5154-49b1-840f-e8ac5e112b3f','Migración a contenedores','Dockerizar aplicaciones legacy','28/09/2026','30/09/2026');
INSERT INTO task_table VALUES('3f79f27c-e813-4218-81a5-a96eafdd90ce','Actualización de FAQ','Revisar y ampliar preguntas frecuentes','01/10/2026','02/10/2026');
INSERT INTO task_table VALUES('d9cf90e7-5eac-4da2-9f78-a73be74c7e85','Configuración de backup','Implementar sistema de respaldo automático','08/07/2026','10/07/2026');
INSERT INTO task_table VALUES('9795328f-d653-4812-a092-0d0de792c59e','Evaluación de herramientas','Comparar opciones de software','12/07/2026','15/07/2026');
INSERT INTO task_table VALUES('f7d89990-bc73-438a-9737-811e0f449a37','Creación de API','Desarrollar interfaz para socios','18/07/2026','22/07/2026');
INSERT INTO task_table VALUES('21a6c252-b7da-442c-bc47-e7dc6b14b6eb','Actualización de marca','Refrescar identidad visual','25/07/2026','28/07/2026');
CREATE TABLE IF NOT EXISTS images_table(image_id TEXT PRIMARY KEY, directory TEXT, task_id INTEGER,FOREIGN KEY (task_id) REFERENCES task_table(task_id));
INSERT INTO images_table VALUES('1084b3f4-4c58-42e0-ba75-16516ab87115','fotos/reunion1.jpg','56c93978-1b51-4c73-82e3-db34ed6aaa08');
INSERT INTO images_table VALUES('8a75df08-d7d8-4d9a-9053-243f0b3643c7','fotos/reunion2.png','56c93978-1b51-4c73-82e3-db34ed6aaa08');
INSERT INTO images_table VALUES('92fab576-6690-4100-9216-f342ce9315f8','img/logo.jpg','bbfbf380-ddae-40db-ac1d-deb447c90679');
INSERT INTO images_table VALUES('73ad235d-5f8f-4895-8382-2139beefe05e','img/diagrama.png','bbfbf380-ddae-40db-ac1d-deb447c90679');
INSERT INTO images_table VALUES('ff3aa041-1521-46e5-883a-fdf63352832a','screenshots/error1.jpg','ec691a2b-5607-4daa-ba86-e9cfd1896976');
INSERT INTO images_table VALUES('180fe8f2-5bfb-4166-89b6-93d8f5f9e2a3','screenshots/error2.png','ec691a2b-5607-4daa-ba86-e9cfd1896976');
INSERT INTO images_table VALUES('5b2a3a3e-d7b3-4e4f-a709-fbaa02142e62','fotos/cv.jpg','4f50a04f-3578-4a82-bdbe-b2497c67eccb');
INSERT INTO images_table VALUES('7517f5fa-c3aa-46a3-a1eb-3d3e0d79e1eb','producto/foto1.jpg','88dd0536-73e3-4295-8248-037329a8034b');
INSERT INTO images_table VALUES('6f1718c2-286a-4cca-940a-7779481a4752','producto/foto2.jpg','88dd0536-73e3-4295-8248-037329a8034b');
INSERT INTO images_table VALUES('7e026186-81f7-4113-b5d4-6618e4155090','fotos/equipo.jpg','521b53a0-0510-4f9e-8c04-452860e317db');
INSERT INTO images_table VALUES('c7562e16-4794-4b30-a659-a5ae345f35f3','evidencia/scan1.png','2c9836f6-0972-4cce-9d08-cf3029b70445');
INSERT INTO images_table VALUES('db5fc826-aebf-4035-a892-de877e7a53b3','evidencia/scan2.png','2c9836f6-0972-4cce-9d08-cf3029b70445');
INSERT INTO images_table VALUES('789df195-0e09-459d-a770-15cfc7ce559c','evento/stand.jpg','02544b58-6ddf-4570-ba52-2e3cb12b5d1e');
INSERT INTO images_table VALUES('ae8cf454-fb64-41ba-a7d4-08781ea2d321','evento/brochure.png','02544b58-6ddf-4570-ba52-2e3cb12b5d1e');
INSERT INTO images_table VALUES('384556df-073f-4a42-9b3a-ef92d59b48da','db/esquema.jpg','cc863c3a-9bb4-4bef-ba3a-d1f2ea905d8d');
INSERT INTO images_table VALUES('73a96c7c-184b-42a9-a93e-3b8bf50062e5','legal/firmas.jpg','cc48d15c-c0e4-4525-9034-bcc86379ac2d');
INSERT INTO images_table VALUES('3ec1de8d-34e8-4646-b03c-0d0d395e1cc6','design/sketch1.jpg','7b3b42c8-3849-4e8b-bb19-f81777a3e9c9');
INSERT INTO images_table VALUES('2e28b17e-c3ad-4b7c-bb4b-67a06289a15a','design/sketch2.png','7b3b42c8-3849-4e8b-bb19-f81777a3e9c9');
INSERT INTO images_table VALUES('ad402fa5-e3f1-4d01-99c5-609675ce759b','almacen/estante1.jpg','43159b3d-7100-4cb5-bb4b-684c7e0bbd76');
INSERT INTO images_table VALUES('7f83e692-8aa4-4cc5-ac20-1f287fdf7aba','almacen/estante2.jpg','43159b3d-7100-4cb5-bb4b-684c7e0bbd76');
INSERT INTO images_table VALUES('7a9dbdc2-f1d9-47bb-8a42-bab4cc35c146','equipos/serie1.jpg','63417ce4-bce8-466f-820b-e15f0f07839d');
INSERT INTO images_table VALUES('5df49410-a5bf-40bb-9e8d-9e3f33c379db','equipos/serie2.jpg','63417ce4-bce8-466f-820b-e15f0f07839d');
INSERT INTO images_table VALUES('0c7929d4-1c36-4836-b091-ba0d6737e394','personal/foto1.jpg','4e72e62d-6119-48a2-b92c-7dca7485a6f3');
INSERT INTO images_table VALUES('8c9f9d0f-3214-440b-a584-bf2d2081cb32','cloud/diagrama.png','9ac6c8a3-3dee-4893-b983-5698495592a5');
INSERT INTO images_table VALUES('2db8e2c0-8f12-49a9-8f45-e54c422901d9','ads/banner1.jpg','d0ad865d-25a3-474a-a00d-3860453792b1');
INSERT INTO images_table VALUES('db64a38d-b8b8-4247-83ed-3fee65dac1e1','ads/banner2.png','d0ad865d-25a3-474a-a00d-3860453792b1');
INSERT INTO images_table VALUES('530846e6-40cc-44d9-ad2c-3f44758ce8c5','cliente/equipo.jpg','2e998fa2-8d80-48ed-a94b-5efe73a67c61');
INSERT INTO images_table VALUES('822614ea-4b4c-43d2-8e4b-221913e98d25','politicas/actual.jpg','abb62d20-54c3-4689-b303-78a322ea22e5');
INSERT INTO images_table VALUES('9a5255fa-38a4-4365-911a-f69f943401c4','api/diagrama.jpg','ee5fc727-105d-4f49-aeda-8117a8f206fa');
INSERT INTO images_table VALUES('890fd3b7-1f5f-49a4-8ac1-3cbf989d9671','backup/pantalla.png','75e6409e-3cb2-4a00-937a-53ef60652ba0');
INSERT INTO images_table VALUES('3f1da2ea-a779-4611-9782-bc8f6be2e843','licencias/actuales.jpg','0985cbe6-329d-4bf2-a603-a63b6e547afe');
INSERT INTO images_table VALUES('e67f674e-e5a8-435b-a5dd-aa8d9123c157','web/analytics.png','75bf17e1-109d-46c4-b387-fa806aee7434');
INSERT INTO images_table VALUES('a59d5f90-6286-41d5-be68-4451053463e2','docs/original.jpg','db35eb19-4ba5-4ac1-9c0d-d8672cb567ff');
INSERT INTO images_table VALUES('1df2d725-4a8a-497b-a81b-b539101da928','red/esquema.jpg','e2c08fb5-08a7-43f8-b988-fddd2726b197');
INSERT INTO images_table VALUES('8ea9dbf2-9e9c-4f62-b9fa-252ec17984a1','encuesta/formato.jpg','de17632a-7bc4-4513-b730-8f281c45aa00');
INSERT INTO images_table VALUES('2dbe5e28-d947-438f-a03a-e9782c278501','hardware/daño.jpg','288de244-dd81-4010-87b7-6510f4186a22');
INSERT INTO images_table VALUES('e8c0c749-367c-4a32-9c4f-23f98b2ff340','evento/lugar.jpg','992bfabd-6426-4f02-ad7d-fd388185c343');
INSERT INTO images_table VALUES('8f292d34-26b4-4557-861f-1f0322f25f7b','evento/boceto.png','992bfabd-6426-4f02-ad7d-fd388185c343');
INSERT INTO images_table VALUES('7b4b48df-a2f4-4d34-a480-a23e1b7d74a4','testing/pantalla1.jpg','fc59faeb-faaa-416a-b22b-bb6953572271');
INSERT INTO images_table VALUES('5b9b2f1d-9fe1-4451-b4ca-050a308b8356','testing/pantalla2.jpg','fc59faeb-faaa-416a-b22b-bb6953572271');
INSERT INTO images_table VALUES('f5b1e23d-2851-4a46-b239-0dd3eb3c8d56','hr/cv1.jpg','9b75f26e-ba9b-4bb2-a933-79e8e0119122');
INSERT INTO images_table VALUES('955b9695-22c5-4665-acca-d0e72246c248','hr/cv2.jpg','9b75f26e-ba9b-4bb2-a933-79e8e0119122');
INSERT INTO images_table VALUES('577370b7-4512-4d0a-b056-dc4d040e530e','app/captura1.png','b2aa9615-fc5a-42ad-9d7b-205230c8b4d4');
INSERT INTO images_table VALUES('95d6f456-0de6-468a-9d61-75fc188623e8','app/captura2.png','b2aa9615-fc5a-42ad-9d7b-205230c8b4d4');
INSERT INTO images_table VALUES('2403b1ed-67b4-4542-a6ee-9942b92e5450','reunion/asistentes.jpg','ad570da9-d1f7-4ec5-bdfe-2e81867a6c7a');
INSERT INTO images_table VALUES('875fccf1-f2a1-4c8d-b8c8-b9c1f6c95e0d','datos/estructura.jpg','5e34144c-3eef-43b4-b4b0-0ec62c3ee9f5');
INSERT INTO images_table VALUES('9c8a3547-3f2c-4c6a-ade5-df9486e4f6bc','ventas/equipo.jpg','1a01d161-0f9d-4083-acf9-486d24b6acfe');
INSERT INTO images_table VALUES('72b4f744-b1d2-4116-9ff4-909515e5b9a5','branding/boceto1.jpg','0cfe5909-c3f8-4f21-9b0a-a5c896c5b5ad');
INSERT INTO images_table VALUES('156bf818-b81e-42ff-b5ab-43a2f2c14965','branding/boceto2.png','0cfe5909-c3f8-4f21-9b0a-a5c896c5b5ad');
INSERT INTO images_table VALUES('65b06ea7-47ff-4e49-ad75-b581b4b98082','iso/procesos.jpg','c1d9bc02-2cb3-4d7b-82be-fb8aaf4bbbad');
INSERT INTO images_table VALUES('f5db15a7-6aef-4ecf-aaf8-0e5fc867fd06','evento/stand.jpg','43d6212a-9a5e-488a-a991-12f16a4fb523');
INSERT INTO images_table VALUES('d15d8d3e-22af-4b43-b64f-5c20d697aec7','web/actual.jpg','75ecad8c-0c3a-4555-9c16-20cc2252118e');
INSERT INTO images_table VALUES('99c6f841-6e3e-48bd-9ea8-86397cead1e9','web/propuesta.png','75ecad8c-0c3a-4555-9c16-20cc2252118e');
INSERT INTO images_table VALUES('d47ff92a-857b-4fa4-97d4-6b86dd48927c','rpa/flujo.jpg','88063a82-30f6-40ea-b7ac-474a5b825186');
INSERT INTO images_table VALUES('ef0ce24f-08a8-4d3f-a6ab-0268c6f453eb','eventos/anterior.jpg','0c73ccdb-15e4-476e-a3ca-da4e5f47b8f5');
INSERT INTO images_table VALUES('66e87139-0ec2-45b9-855c-a683a1a3d10a','finanzas/grafico.png','912b5f06-c342-4498-b764-068966eba11b');
INSERT INTO images_table VALUES('bf4683d7-b43f-4d0f-82e2-f8086dacafab','crm/pantalla.jpg','45b43397-6020-416b-9ead-5e6dc587162a');
INSERT INTO images_table VALUES('ad8fa57f-180c-4146-9e4d-f8e6008d3615','investigacion/graficos.png','f8b53464-61ef-4c4e-9b39-c90c84d99e32');
INSERT INTO images_table VALUES('4e3904a5-733d-4d4e-a695-f8b9dcc9311f','red/falla.jpg','350afe50-ce5d-4299-80a3-d882c6b99179');
INSERT INTO images_table VALUES('03709fe4-4ac2-4f93-9a85-aaf82fff3693','taller/participantes.jpg','e6472b51-c500-40f2-ba9d-9f5f37d9b9ea');
INSERT INTO images_table VALUES('2b7b0c05-078a-4a9f-93bd-ac69e3035880','bi/dashboard.png','62137dbf-12af-4e69-b4f5-7b9f1c14e308');
INSERT INTO images_table VALUES('2baf8050-e1e5-4d30-8243-9769f5ae8b7c','pasantes/cv1.jpg','57763f19-ad4f-470e-b3dd-b2f89015188d');
INSERT INTO images_table VALUES('81212c4e-abb4-4328-bddf-79e03bd53663','pasantes/cv2.jpg','57763f19-ad4f-470e-b3dd-b2f89015188d');
INSERT INTO images_table VALUES('a6f197f8-9d9f-488e-9ec4-8f7e623a64c5','seguridad/actual.jpg','4c0169f7-b918-4339-b37e-c9c36ac0ef56');
INSERT INTO images_table VALUES('e7e7a6d8-a96e-4cfd-927a-a4a48c2f0a38','app/pantallas.jpg','e47d54ef-d709-4c2d-9b26-32a4cc2e6178');
INSERT INTO images_table VALUES('726ee9d0-2697-4174-a920-8c962ec7dd16','evento/lugar.jpg','5dd9d549-4861-41e8-aec0-8a0aac035018');
INSERT INTO images_table VALUES('b0cf65e9-6599-4050-976d-35e6f2e1001f','evento/invitacion.png','5dd9d549-4861-41e8-aec0-8a0aac035018');
INSERT INTO images_table VALUES('193bdfde-73d8-4513-8dbf-1efdbed8e10c','normativas/nueva.jpg','eb04735d-3548-42ce-bfda-f80c29097de7');
INSERT INTO images_table VALUES('dd0781ae-9676-4c28-a5e7-1a5a225b9bb2','usabilidad/sesion.jpg','8892e3ae-d7a0-47fc-b196-6ce45ec66e0b');
INSERT INTO images_table VALUES('ebeb8999-cd7c-4d83-a0a9-92d79e13e09a','equipos/lista.jpg','d78d4da9-06e6-4274-a131-0a796658036a');
INSERT INTO images_table VALUES('71eb1d29-c0c1-42ab-9830-13f5f73c8ac0','estrategia/diagrama.png','66a44748-188c-41dc-b8ce-af0a5d6829e9');
INSERT INTO images_table VALUES('7b60d4a5-02e7-4865-a366-4d85cca5702c','codigo/fragmento1.jpg','b233b97c-666d-4b3c-bc89-ed6262f72394');
INSERT INTO images_table VALUES('4fe5c8a6-21b2-4b47-a363-b6e628e55625','codigo/fragmento2.png','b233b97c-666d-4b3c-bc89-ed6262f72394');
INSERT INTO images_table VALUES('dab752a2-2c2e-4b32-ab2c-237c6cea3234','empleado/foto.jpg','4976a6b9-99a9-4a4c-b6d5-44b2bb471f3c');
INSERT INTO images_table VALUES('da7eb1da-4edf-4632-8194-29623bf15b2a','oficina/escritorio.png','4976a6b9-99a9-4a4c-b6d5-44b2bb471f3c');
INSERT INTO images_table VALUES('a32a962e-21bc-4298-b57a-5d2ce910beb7','web/certificado.jpg','d4325d59-9427-40a3-9204-12a07a93f247');
INSERT INTO images_table VALUES('fb30d7b9-2f00-4666-a74b-f53922578aad','evento/sala.jpg','b6a1dba9-ee23-473e-a673-95d97119fd1d');
INSERT INTO images_table VALUES('6070c767-53c9-4d5b-b961-b58b233ce1ff','codigo/dependencias.png','6b57ec1b-e630-46c4-9670-9baead720b08');
INSERT INTO images_table VALUES('69999b20-7472-4fe9-a971-9f7ba5b2b428','fotos/equipo1.jpg','8e53d113-7853-44a8-a20d-471323068731');
INSERT INTO images_table VALUES('f685a197-2c5d-441b-b4d0-60b753700c18','fotos/equipo2.jpg','8e53d113-7853-44a8-a20d-471323068731');
INSERT INTO images_table VALUES('5a29757e-f44e-4a0f-8355-41b2c2d34b17','db/diagrama.png','938b9e04-ce20-4e85-9d78-3715b92a2743');
INSERT INTO images_table VALUES('9bcf87b4-de45-48d0-bf65-fd4a89e83566','evento/participantes.jpg','90425f70-9284-421b-aeb4-b2459aea6ad4');
INSERT INTO images_table VALUES('b6c35ab6-d927-4157-8a12-ea45ee4cdf7b','oficina/antes1.jpg','81e42917-b44d-4471-812f-cb2f3dd404ff');
INSERT INTO images_table VALUES('40eb39ae-8323-4218-9138-c347835c9264','oficina/antes2.jpg','81e42917-b44d-4471-812f-cb2f3dd404ff');
INSERT INTO images_table VALUES('a508db92-16b1-4626-b6a5-bcd0cbae5d01','devops/flujo.png','b85f4b82-77d2-461f-a375-5853d68df196');
INSERT INTO images_table VALUES('dbc163d9-b445-48ba-8988-1f056c6227ee','evento/lugar.jpg','0274616e-a0bd-4646-b66c-7fc0b1d461f8');
INSERT INTO images_table VALUES('7fd1edc1-7bcc-43c7-90ae-4c706526d25b','codigo/actual.png','3e5e9afd-003c-436f-a174-b7213d0e1f78');
INSERT INTO images_table VALUES('fc455f71-dacf-42a3-9694-071de6239dc5','proveedores/comparativa.jpg','1e8b01d1-bfde-47d6-9927-960cfbf09fec');
INSERT INTO images_table VALUES('0593b897-ad05-4b6e-af33-6eb4453406d3','sistema/capturas.jpg','f1ce092e-88e6-48f3-810c-6ef968a58713');
INSERT INTO images_table VALUES('244475c0-f5da-4efb-94ab-6fb6b03e5e07','red/diagrama.jpg','07dbc309-1742-4804-969c-57dbe7ffea67');
INSERT INTO images_table VALUES('f35eb6cf-8f40-4e77-ba6f-321c5cbcc5b6','contratos/actual.jpg','ead5b583-7488-4444-a0aa-0034ac1d2f27');
INSERT INTO images_table VALUES('5ec313ba-28de-47ca-9580-bc237b697015','tests/grafico.png','afba770f-13c8-48ae-9e35-bd6e203fc6c3');
INSERT INTO images_table VALUES('286ff6cc-9b47-486b-b119-e47faf9bbc3a','politicas/actuales.jpg','56c9f406-300f-4f63-b373-58ed5a330ce5');
INSERT INTO images_table VALUES('8370d447-aa4b-46e3-a2a9-a95cddb5d89d','email/cuentas.jpg','f853a2a3-927a-4e4f-a8d8-a6552ca54bdb');
INSERT INTO images_table VALUES('deab4887-cde5-4e85-9be9-a2eed3260aa6','diseno/bocetos.jpg','a3b3cea9-fc17-4617-a974-6c6540944a54');
INSERT INTO images_table VALUES('2c2960c0-acd3-4288-8927-44ff3eff1b93','monitoreo/dashboard.png','339aedf6-6eea-431e-bf23-5ba06d32e0d3');
INSERT INTO images_table VALUES('0ed079d2-5d2e-44d2-ac0a-6ff1264a3802','equipo/viejo.jpg','2776239d-9ccc-433d-a132-00ede858f67f');
INSERT INTO images_table VALUES('61032932-d817-490e-8b51-4e76f4f59ff0','legal/actual.jpg','d858a0f3-58a7-4b9c-ba6a-434cdb810ce3');
INSERT INTO images_table VALUES('13bc60f2-d320-4897-8753-15d1b2ae2bfa','db/explain.jpg','26a45951-8fe9-4a64-bd46-e700acbc2ecf');
INSERT INTO images_table VALUES('e1f153c9-41a5-4825-9554-2bdd90e194e6','chatbot/flujo.jpg','e1a182a4-d9c2-4e3f-8283-ff34072c4d6d');
INSERT INTO images_table VALUES('d1b63bbd-9a54-4fd5-8f45-8280d08a4891','legal/documentos.jpg','a5ca15e7-258e-487b-8d6d-fcb5a8d31ae1');
INSERT INTO images_table VALUES('a544674f-095c-48d9-ada1-151c6519c6df','oficina/antes.jpg','2e7665bf-714f-471d-b620-0fe23317dc8f');
INSERT INTO images_table VALUES('4a7b9f94-a982-4133-9183-51487bac67e4','oficina/despues.jpg','2e7665bf-714f-471d-b620-0fe23317dc8f');
INSERT INTO images_table VALUES('cbee49cb-7dcb-4fd8-a53e-abfae8416f94','backup/diagrama.png','563f80ee-11b6-415c-a47e-6648e1ee3697');
INSERT INTO images_table VALUES('0c396882-96d3-4a32-8a17-dea4161555dc','software/pantallas.jpg','f452bc56-94fd-4ac4-9d6d-bd37acd681b3');
INSERT INTO images_table VALUES('13840bba-0eb1-4abe-98dd-4233e8ee7b8e','api/esquema.jpg','c6463604-f123-44b5-8c05-f96ea56549c2');
INSERT INTO images_table VALUES('e864be52-d63d-4e2a-b2a4-d29b9a53308b','branding/actual.jpg','40662e64-b5af-4b26-a4dc-a9429abd7707');
INSERT INTO images_table VALUES('46e8ab9c-2a16-426b-84b1-8e0415ee21bc','web/performance.png','36cd7daa-9997-4cf3-84f6-968eedaa1d2b');
INSERT INTO images_table VALUES('cf6b137c-ae5a-4c1c-ae8c-fb093fde6278','web/pruebas.jpg','bc492acb-959a-4a33-b1b7-2badf9820c94');
INSERT INTO images_table VALUES('334b1fe0-562d-4ee0-a734-1525707202ac','seguridad/presentacion.jpg','4a2bb515-cf4d-4ac8-bccc-e5e3f8be0b07');
INSERT INTO images_table VALUES('872e02ce-a025-4e50-9f7b-5b10e853900b','tests/ejecucion.png','d038e97f-f2a5-4820-9642-7fb010ebe4de');
INSERT INTO images_table VALUES('3d1a83bc-03a9-46f5-856a-91efbdf45994','bi/mockup.jpg','bc3e04dd-3fe4-4689-b4d3-6b56c469f097');
INSERT INTO images_table VALUES('b96689d4-d1a9-4183-9960-120e1859f3a5','web/dns.jpg','985eb4af-ca35-44b2-af55-6941dba48a81');
INSERT INTO images_table VALUES('0eb98ba2-231e-4b9c-9861-b1c6efcab74c','logs/actual.jpg','abc14dde-f9f3-4569-ba7a-50bdc8513c1a');
INSERT INTO images_table VALUES('915ff607-a748-4af4-b79d-bda2171945f1','empleados/fotos.jpg','13442ac4-7268-4fd3-bf6c-152528015094');
INSERT INTO images_table VALUES('d4158101-06af-4018-a7f7-cbd8e8c6e85b','seguridad/flujo.png','f4eefa63-4e27-4c97-9eb8-8d566bd5732e');
INSERT INTO images_table VALUES('a02be0ec-1607-4c73-b94e-93121add169b','docs/estructura.jpg','51ccb9bc-0e97-4460-adb2-c12accd2460b');
INSERT INTO images_table VALUES('6aeb44be-9f34-4d51-a0d8-f6f78b6e6009','web/imagenes.jpg','fce64fa9-24bd-47e7-9d8f-b81136aae388');
INSERT INTO images_table VALUES('762598ac-4e3b-4bdd-ad9b-2a551efaf710','bdr/diagrama.jpg','1bcb4861-3b7b-4511-bf5b-2203989fdeec');
INSERT INTO images_table VALUES('b341dfac-61ed-4b8d-bf75-70a00f27b75a','web/performance.jpg','3af77a76-3dc2-4d2f-9fc7-e7266c1482c5');
INSERT INTO images_table VALUES('02fa16cb-0d99-4089-9931-df67d5c0be60','hr/encuesta.jpg','a83d1a54-31c0-4c06-bc33-00c338020849');
INSERT INTO images_table VALUES('3d4c7bf7-19d5-43d5-864a-bc38b4905c66','devops/arquitectura.png','96a88cd8-5154-49b1-840f-e8ac5e112b3f');
INSERT INTO images_table VALUES('022a505f-7d64-484a-82de-f3526ffcc951','web/faq_actual.jpg','3f79f27c-e813-4218-81a5-a96eafdd90ce');
INSERT INTO images_table VALUES('82f2b3c9-2570-4df5-b2a3-aed9e920d542','backup/diagrama.png','d9cf90e7-5eac-4da2-9f78-a73be74c7e85');
INSERT INTO images_table VALUES('f672a86f-6f70-4455-b235-beed2b1b68a5','software/pantallas.jpg','9795328f-d653-4812-a092-0d0de792c59e');
INSERT INTO images_table VALUES('f9b29a33-efae-4a21-aeaf-6277a4a9997e','api/esquema.jpg','f7d89990-bc73-438a-9737-811e0f449a37');
INSERT INTO images_table VALUES('b5a397fe-8658-42f4-9a80-056022f7aeb6','branding/actual.jpg','21a6c252-b7da-442c-bc47-e7dc6b14b6eb');
CREATE TABLE IF NOT EXISTS files_table(file_id TEXT PRIMARY KEY, directory TEXT, task_id INTEGER,FOREIGN KEY (task_id) REFERENCES task_table(task_id));
INSERT INTO files_table VALUES('ebd7a14d-3ea2-461e-ab42-d9b40ccdba70','documentos/agenda.docx','56c93978-1b51-4c73-82e3-db34ed6aaa08');
INSERT INTO files_table VALUES('3e0c3ba1-1442-4575-a446-317fc48c7d85','docs/propuesta.pdf','bbfbf380-ddae-40db-ac1d-deb447c90679');
INSERT INTO files_table VALUES('ba6b9154-cfb7-416b-8cfa-e156263fcf61','datos/estadisticas.xlsx','bbfbf380-ddae-40db-ac1d-deb447c90679');
INSERT INTO files_table VALUES('627b01c3-eab2-4496-8d19-d8aefb7634ae','scripts/backup.sh','ec691a2b-5607-4daa-ba86-e9cfd1896976');
INSERT INTO files_table VALUES('c66631cc-61e1-4c8d-8803-e4fc550aabc5','logs/sistema.log','ec691a2b-5607-4daa-ba86-e9cfd1896976');
INSERT INTO files_table VALUES('03ad397b-3b3a-416d-a256-b02761d3f75f','docs/preguntas.docx','4f50a04f-3578-4a82-bdbe-b2497c67eccb');
INSERT INTO files_table VALUES('dcb001dc-706b-405d-9d19-794738bbe35a','manuales/guia.pdf','88dd0536-73e3-4295-8248-037329a8034b');
INSERT INTO files_table VALUES('3efe139a-d0cb-4c32-bae3-65e3c3a23a54','precios/listado.csv','88dd0536-73e3-4295-8248-037329a8034b');
INSERT INTO files_table VALUES('6d0b7fee-92e6-4dcb-872a-57d73be6c9cf','material/curso.pdf','521b53a0-0510-4f9e-8c04-452860e317db');
INSERT INTO files_table VALUES('60a0642a-f781-4a2b-aa08-40edf5e832b9','ejercicios/practica.zip','521b53a0-0510-4f9e-8c04-452860e317db');
INSERT INTO files_table VALUES('aecc6082-2f6b-44f7-8c91-d923aecaef61','reportes/vulnerabilidades.doc','2c9836f6-0972-4cce-9d08-cf3029b70445');
INSERT INTO files_table VALUES('792a6326-b2ee-4f6c-8d46-1bfbd8dd2abc','contactos/lista.xlsx','02544b58-6ddf-4570-ba52-2e3cb12b5d1e');
INSERT INTO files_table VALUES('d0b6e37d-63e0-46a8-a042-e4c943edacad','scripts/migracion.sql','cc863c3a-9bb4-4bef-ba3a-d1f2ea905d8d');
INSERT INTO files_table VALUES('ca4dbef1-01da-4e06-b99a-1b0e253d77ee','backups/respaldo.bak','cc863c3a-9bb4-4bef-ba3a-d1f2ea905d8d');
INSERT INTO files_table VALUES('d4d5bc9b-189b-411b-a08c-71a68b88bcda','contratos/proveedor1.pdf','cc48d15c-c0e4-4525-9034-bcc86379ac2d');
INSERT INTO files_table VALUES('b4f1d067-c0fc-4227-9ab4-afbe61ffabc9','contratos/proveedor2.pdf','cc48d15c-c0e4-4525-9034-bcc86379ac2d');
INSERT INTO files_table VALUES('f5d09ea2-4ec6-4d24-9b7c-301a0b279e45','assets/iconos.zip','7b3b42c8-3849-4e8b-bb19-f81777a3e9c9');
INSERT INTO files_table VALUES('09fca2c2-5a09-49c9-a338-7d5f3c5f98f3','listados/inventario.xlsx','43159b3d-7100-4cb5-bb4b-684c7e0bbd76');
INSERT INTO files_table VALUES('da891358-bee5-4af5-a884-f2b38921e651','formularios/baja.docx','63417ce4-bce8-466f-820b-e15f0f07839d');
INSERT INTO files_table VALUES('d66e96ca-0226-4c08-abbc-16eb1849fcfb','evaluaciones/formato.pdf','4e72e62d-6119-48a2-b92c-7dca7485a6f3');
INSERT INTO files_table VALUES('03a41de2-d6af-479e-bde9-6dc7abebb62c','config/parametros.json','9ac6c8a3-3dee-4893-b983-5698495592a5');
INSERT INTO files_table VALUES('587bc836-9d72-447e-ae94-edb6c89cc699','presupuesto/campaña.xlsx','d0ad865d-25a3-474a-a00d-3860453792b1');
INSERT INTO files_table VALUES('da9bbaaf-5cc4-4dc5-8a16-0fdc7e6d2add','reportes/incidente.doc','2e998fa2-8d80-48ed-a94b-5efe73a67c61');
INSERT INTO files_table VALUES('8deae36f-6118-4a4c-9286-90ce89609517','documentos/nueva_version.pdf','abb62d20-54c3-4689-b303-78a322ea22e5');
INSERT INTO files_table VALUES('6fea3b30-f0c2-4c54-90d9-a9de33029451','codigo/integracion.py','ee5fc727-105d-4f49-aeda-8117a8f206fa');
INSERT INTO files_table VALUES('5701334a-da2d-456d-9b24-dcce7aff26e1','logs/backup.log','75e6409e-3cb2-4a00-937a-53ef60652ba0');
INSERT INTO files_table VALUES('b7bc8f89-9ac4-4df9-8cd7-743c2ab7adcd','facturas/pagos.pdf','0985cbe6-329d-4bf2-a603-a63b6e547afe');
INSERT INTO files_table VALUES('803ae162-89f3-4aba-8dab-7126159cd767','informes/seo.pdf','75bf17e1-109d-46c4-b387-fa806aee7434');
INSERT INTO files_table VALUES('7396a968-d6e4-468d-a5a9-d21851530cfb','traducciones/es.zip','db35eb19-4ba5-4ac1-9c0d-d8672cb567ff');
INSERT INTO files_table VALUES('6afa760e-e269-41a7-8e2e-f87f94e923c5','traducciones/en.zip','db35eb19-4ba5-4ac1-9c0d-d8672cb567ff');
INSERT INTO files_table VALUES('298dcc4a-d424-4061-9d95-d39b02fa0d09','config/reglas.txt','e2c08fb5-08a7-43f8-b988-fddd2726b197');
INSERT INTO files_table VALUES('1ca7e4a8-497e-47b7-a677-47b0d99bd006','datos/respuestas.csv','de17632a-7bc4-4513-b730-8f281c45aa00');
INSERT INTO files_table VALUES('db464a1b-739e-4459-80ef-4a0d05514b0c','informe/tecnico.doc','288de244-dd81-4010-87b7-6510f4186a22');
INSERT INTO files_table VALUES('f0abf850-b334-4117-809a-d8c0e9267eec','presentacion/keynote.pptx','992bfabd-6426-4f02-ad7d-fd388185c343');
INSERT INTO files_table VALUES('eb75ad66-2f06-4686-9a9c-0541c4ec4dad','reportes/errores.xlsx','fc59faeb-faaa-416a-b22b-bb6953572271');
INSERT INTO files_table VALUES('5c595a2c-b8b5-46d3-a4c5-495954ff2966','formularios/entrevista.docx','9b75f26e-ba9b-4bb2-a933-79e8e0119122');
INSERT INTO files_table VALUES('23021367-2256-456e-9b66-21316b356676','codigo/fuente.zip','b2aa9615-fc5a-42ad-9d7b-205230c8b4d4');
INSERT INTO files_table VALUES('9ffb1c25-d502-4e2e-8397-326e1a482919','informes/trimestre.pdf','ad570da9-d1f7-4ec5-bdfe-2e81867a6c7a');
INSERT INTO files_table VALUES('140fbee0-a157-4699-905b-70303ac0b7a3','scripts/transfer.sql','5e34144c-3eef-43b4-b4b0-0ec62c3ee9f5');
INSERT INTO files_table VALUES('cd814b94-4cf2-4cbf-9ce1-7f1f520f2d8d','material/entrenamiento.pptx','1a01d161-0f9d-4083-acf9-486d24b6acfe');
INSERT INTO files_table VALUES('6e233ac3-0dfd-45d6-a01c-e7be010275aa','vector/logo.ai','0cfe5909-c3f8-4f21-9b0a-a5c896c5b5ad');
INSERT INTO files_table VALUES('2d8772bf-936b-4f1a-894d-5b6cadeb5f4f','documentacion/manual.pdf','c1d9bc02-2cb3-4d7b-82be-fb8aaf4bbbad');
INSERT INTO files_table VALUES('d15a1187-f4d7-42cb-ab08-f51635cdce73','folletos/informacion.pdf','43d6212a-9a5e-488a-a991-12f16a4fb523');
INSERT INTO files_table VALUES('46c682c6-2bd3-44a8-9e4d-7fd401a5466d','maquetas/home.psd','75ecad8c-0c3a-4555-9c16-20cc2252118e');
INSERT INTO files_table VALUES('6d944c26-d325-4de2-a373-ee9d573e1393','scripts/automation.py','88063a82-30f6-40ea-b7ac-474a5b825186');
INSERT INTO files_table VALUES('01a51a74-7340-49cd-b77d-60f049c9c8c5','lista/invitados.csv','0c73ccdb-15e4-476e-a3ca-da4e5f47b8f5');
INSERT INTO files_table VALUES('b2711a6b-fd76-4f7a-a17b-6c8b88641dcc','presupuesto/2026.xlsx','912b5f06-c342-4498-b764-068966eba11b');
INSERT INTO files_table VALUES('20baf5df-4605-4a79-a568-72a25a384986','data/contactos.csv','45b43397-6020-416b-9ead-5e6dc587162a');
INSERT INTO files_table VALUES('ead2c951-1e80-487f-a594-bb7d54db577b','informes/resultados.docx','f8b53464-61ef-4c4e-9b39-c90c84d99e32');
INSERT INTO files_table VALUES('70d69657-1789-434a-beb5-38625a2e2dfb','diagnostico/reporte.txt','350afe50-ce5d-4299-80a3-d882c6b99179');
INSERT INTO files_table VALUES('3f2db855-020d-45c0-9bb5-9fc429485918','ideas/propuestas.docx','e6472b51-c500-40f2-ba9d-9f5f37d9b9ea');
INSERT INTO files_table VALUES('9fa63fbd-e8fb-46bc-be24-12caefdea89f','config/parametros.xml','62137dbf-12af-4e69-b4f5-7b9f1c14e308');
INSERT INTO files_table VALUES('75d916c8-8dc4-440e-9daa-96b3f2fd3e00','formularios/seleccion.xlsx','57763f19-ad4f-470e-b3dd-b2f89015188d');
INSERT INTO files_table VALUES('2ef99093-58a8-4ac9-ae37-848972ab1845','cotizaciones/camaras.pdf','4c0169f7-b918-4339-b37e-c9c36ac0ef56');
INSERT INTO files_table VALUES('50c59542-caab-415e-86a7-a2b33120d6e2','traducciones/textos.json','e47d54ef-d709-4c2d-9b26-32a4cc2e6178');
INSERT INTO files_table VALUES('733ec449-2a43-449f-95b6-578442e1211f','lista/asistentes.csv','5dd9d549-4861-41e8-aec0-8a0aac035018');
INSERT INTO files_table VALUES('2b6e7c49-56d0-466c-9d58-8c2be68a0bf5','documentos/cambios.docx','eb04735d-3548-42ce-bfda-f80c29097de7');
INSERT INTO files_table VALUES('8d5bac60-80a9-4df3-ad3f-e289a5407aec','feedback/comentarios.xlsx','8892e3ae-d7a0-47fc-b196-6ce45ec66e0b');
INSERT INTO files_table VALUES('0e1e8519-762d-4bda-ac2e-c38a75d9c968','checklist/mantenimiento.docx','d78d4da9-06e6-4274-a131-0a796658036a');
INSERT INTO files_table VALUES('f9f8d7a5-dad8-4a90-81d5-f54f8112f117','planes/objetivos.pdf','66a44748-188c-41dc-b8ce-af0a5d6829e9');
INSERT INTO files_table VALUES('fdd71dda-239b-4542-9ff9-210addc7dd3f','reportes/vulnerabilidades.pdf','b233b97c-666d-4b3c-bc89-ed6262f72394');
INSERT INTO files_table VALUES('14bfb392-c433-4f3f-8220-fd88638dc365','manuales/bienvenida.pdf','4976a6b9-99a9-4a4c-b6d5-44b2bb471f3c');
INSERT INTO files_table VALUES('4fdce1fd-0940-44b0-8768-9cb5a9e30118','config/nginx.conf','d4325d59-9427-40a3-9204-12a07a93f247');
INSERT INTO files_table VALUES('615b6047-0a3e-4720-ac3f-226e44fb356a','material/workshop.zip','b6a1dba9-ee23-473e-a673-95d97119fd1d');
INSERT INTO files_table VALUES('873dadb0-39be-4fe7-829d-2d5fa05e4748','package-lock.json','6b57ec1b-e630-46c4-9670-9baead720b08');
INSERT INTO files_table VALUES('ec151093-9659-424a-ae70-30a52003f7f2','contratos/fotografo.docx','8e53d113-7853-44a8-a20d-471323068731');
INSERT INTO files_table VALUES('cc61a36b-fa54-4e60-bf81-51663c783f8d','scripts/migracion.sql','938b9e04-ce20-4e85-9d78-3715b92a2743');
INSERT INTO files_table VALUES('170822b7-2189-4d64-956b-6ddc728d0089','proyectos/ganador.zip','90425f70-9284-421b-aeb4-b2459aea6ad4');
INSERT INTO files_table VALUES('c595f855-c70f-4839-86c2-b1696d811593','presupuesto/remodelacion.xlsx','81e42917-b44d-4471-812f-cb2f3dd404ff');
INSERT INTO files_table VALUES('da3bf122-6a4f-4831-a195-e9eb8f1ff420','config/jenkinsfile','b85f4b82-77d2-461f-a375-5853d68df196');
INSERT INTO files_table VALUES('46370a1d-8153-4e20-8ee2-fc52566617d9','lista/participantes.csv','0274616e-a0bd-4646-b66c-7fc0b1d461f8');
INSERT INTO files_table VALUES('a32315c0-049a-4df7-9eed-403bcc01536c','docs/mejoras.pdf','3e5e9afd-003c-436f-a174-b7213d0e1f78');
INSERT INTO files_table VALUES('90eecbfa-9858-42e2-b8ce-5d6260337902','analisis/costos.xlsx','1e8b01d1-bfde-47d6-9927-960cfbf09fec');
INSERT INTO files_table VALUES('3054c13c-f8fe-4edf-b9e9-1fbc5c7fa056','docs/manual.pdf','f1ce092e-88e6-48f3-810c-6ef968a58713');
INSERT INTO files_table VALUES('f3658cb6-78ea-42db-bd1d-063e4e153884','config/ovpn','07dbc309-1742-4804-969c-57dbe7ffea67');
INSERT INTO files_table VALUES('9f70aec8-0782-4130-8e18-26b92d1718c0','legal/nuevo_sla.pdf','ead5b583-7488-4444-a0aa-0034ac1d2f27');
INSERT INTO files_table VALUES('df72b336-7b72-48cf-88db-558e5b3f525c','reportes/rendimiento.pdf','afba770f-13c8-48ae-9e35-bd6e203fc6c3');
INSERT INTO files_table VALUES('d9e68300-ba96-4048-aca7-322dd172bd4c','hr/nuevas_politicas.docx','56c9f406-300f-4f63-b373-58ed5a330ce5');
INSERT INTO files_table VALUES('015e13b9-ffae-4aeb-b36a-d7eb5b116e3f','scripts/migracion.py','f853a2a3-927a-4e4f-a8d8-a6552ca54bdb');
INSERT INTO files_table VALUES('df34c6a9-5403-45cf-9bea-556f666ad876','publicidad/final.ai','a3b3cea9-fc17-4617-a974-6c6540944a54');
INSERT INTO files_table VALUES('cc538113-3700-4a70-b207-ee35119e9f16','config/alertas.yaml','339aedf6-6eea-431e-bf23-5ba06d32e0d3');
INSERT INTO files_table VALUES('abbab83b-3c50-4989-b9c3-1c0eb301ee71','inventario/retirados.xlsx','2776239d-9ccc-433d-a132-00ede858f67f');
INSERT INTO files_table VALUES('fb29f54a-28d6-4a7c-867f-69c3737c39d3','docs/nuevos_terminos.pdf','d858a0f3-58a7-4b9c-ba6a-434cdb810ce3');
INSERT INTO files_table VALUES('cc0bd7c4-cbf6-4056-816d-5c2b6a4656d9','scripts/optimizacion.sql','26a45951-8fe9-4a64-bd46-e700acbc2ecf');
INSERT INTO files_table VALUES('a308e523-2f90-46f9-b3de-0f166f82d66a','codigo/bot.js','e1a182a4-d9c2-4e3f-8283-ff34072c4d6d');
INSERT INTO files_table VALUES('742dc41c-77d3-4a71-b200-1063819961f1','reportes/cumplimiento.pdf','a5ca15e7-258e-487b-8d6d-fcb5a8d31ae1');
INSERT INTO files_table VALUES('fedcbad0-dfa2-418e-b61c-61ba6f90b59e','scripts/cron.sh','563f80ee-11b6-415c-a47e-6648e1ee3697');
INSERT INTO files_table VALUES('49982622-722a-4eb2-a392-f352c0d05c57','analisis/comparativo.xlsx','f452bc56-94fd-4ac4-9d6d-bd37acd681b3');
INSERT INTO files_table VALUES('a1aae142-b546-4f7b-8cb2-29eb8486b2f0','docs/especificacion.pdf','c6463604-f123-44b5-8c05-f96ea56549c2');
INSERT INTO files_table VALUES('611d0ad7-f0e4-4d7b-94fa-9620a1ffe72e','guias/manual_marca.pdf','40662e64-b5af-4b26-a4dc-a9429abd7707');
INSERT INTO files_table VALUES('d8e4f79a-3ef1-430a-848b-e1fe42a51846','config/cdn.json','36cd7daa-9997-4cf3-84f6-968eedaa1d2b');
INSERT INTO files_table VALUES('3b1f9bcf-f000-4f67-99bc-7d78a06473c7','reportes/accesibilidad.pdf','bc492acb-959a-4a33-b1b7-2badf9820c94');
INSERT INTO files_table VALUES('00d697e8-e275-4baa-84bc-92b47857f677','material/curso.pptx','4a2bb515-cf4d-4ac8-bccc-e5e3f8be0b07');
INSERT INTO files_table VALUES('6dca7114-5f5d-4123-afaa-0733d829a101','scripts/cypress','d038e97f-f2a5-4820-9642-7fb010ebe4de');
INSERT INTO files_table VALUES('c3dd5918-8a27-4fcf-81fc-06ccd6439d09','config/dashboard.json','bc3e04dd-3fe4-4689-b4d3-6b56c469f097');
INSERT INTO files_table VALUES('19e95f94-3147-437d-b24a-38e010ff1d91','checklist/migracion.docx','985eb4af-ca35-44b2-af55-6941dba48a81');
INSERT INTO files_table VALUES('daae398b-7093-4d47-9ec0-3be3768e3644','config/elk.yaml','abc14dde-f9f3-4569-ba7a-50bdc8513c1a');
INSERT INTO files_table VALUES('fd58e986-e267-40ac-9ae8-98d0d543c3a7','hr/cvs_actualizados.zip','13442ac4-7268-4fd3-bf6c-152528015094');
INSERT INTO files_table VALUES('22bc27a9-6975-46a1-8661-f48984ac7dd9','config/auth.yaml','f4eefa63-4e27-4c97-9eb8-8d566bd5732e');
INSERT INTO files_table VALUES('98ecc5b4-4d4b-4146-916d-b3956482a27d','whitepapers/final.pdf','51ccb9bc-0e97-4460-adb2-c12accd2460b');
INSERT INTO files_table VALUES('5767c5a4-f070-4389-9ba3-736926e5e4e9','scripts/optimizacion.sh','fce64fa9-24bd-47e7-9d8f-b81136aae388');
INSERT INTO files_table VALUES('06f03f4b-d548-42e2-93c9-5adf52865564','docs/plan_continuidad.pdf','1bcb4861-3b7b-4511-bf5b-2203989fdeec');
INSERT INTO files_table VALUES('fbd51c11-7f20-4667-81c0-2cbd57b6e572','config/redis.conf','3af77a76-3dc2-4d2f-9fc7-e7266c1482c5');
INSERT INTO files_table VALUES('37c21009-8cfa-4303-ae21-71091a1b95ec','resultados/analisis.xlsx','a83d1a54-31c0-4c06-bc33-00c338020849');
INSERT INTO files_table VALUES('d34bc2b5-161e-4b64-b8ee-e7515a768583','docker-compose.yml','96a88cd8-5154-49b1-840f-e8ac5e112b3f');
INSERT INTO files_table VALUES('e2ad5869-539c-4dd7-9c85-fb456294f809','docs/nuevo_faq.md','3f79f27c-e813-4218-81a5-a96eafdd90ce');
INSERT INTO files_table VALUES('d1cfb205-afb8-4062-9906-451f062c5d20','scripts/cron.sh','d9cf90e7-5eac-4da2-9f78-a73be74c7e85');
INSERT INTO files_table VALUES('d65eec88-dda1-4fd4-bd0d-4f39d87e5854','analisis/comparativo.xlsx','9795328f-d653-4812-a092-0d0de792c59e');
INSERT INTO files_table VALUES('e28b2ea0-a4b4-47ad-8dc3-b08b9b35abf4','docs/especificacion.pdf','f7d89990-bc73-438a-9737-811e0f449a37');
INSERT INTO files_table VALUES('de9e3f06-8117-4729-b3d9-1736fcac9701','guias/manual_marca.pdf','21a6c252-b7da-442c-bc47-e7dc6b14b6eb');
COMMIT;
